"OBJECTID","DateOfCrash","LocalUse","LocationRelationToRoad","LocationInNearIndicator","LocationCity","LocationCounty","LocationRoadNameOn","LocationFeetFromRoad","LocationDirectionFromRoad","LocationAtFromIndicator","LocationRoadNameAt","LocationDirectionToRoad","LocationRoadNameTo","FirstHarmfulEvent","MostHarmfulEvent","RoadClassification","RoadFeature","TrafficControlType","WeatherCondition1","WeatherCondition2","WeatherContributedToCrash","UpdateDate","Crash_Date_Day","Crash_Date_DOW","Crash_Date_DOW_Num","Crash_Date_Hour","Crash_Date_Month","Crash_Date_Month_Num","Crash_Date_Year","drivers","passengers","pedestrians","pedalcyclists","other_person_type","unknown_person_type","killed","type_a_injury","type_b_injury","type_c_injury","no_injury","injury_unknown","LocationLatitude","LocationLongitude"
2221,"2015/02/08 03:31:00+00","P15007187","On Roadway (Surface) / Off Roadway","In","RALEIGH","Wake","CHAPANOKE RD",0,"","At","WILMINGTON ST","S","TRYON RD","Pedalcyclist","Pedalcyclist","Local Street","No Special Feature","Stop and go signal","Clear","","No","2015/02/13 02:40:00.046+00",7,"Saturday",7,17,"February",2,2015,1,0,0,1,0,0,0,0,0,1,1,0,35.7356,-78.6503
4235,"2015/03/11 03:44:00+00","P15012910","Roadside","In","RALEIGH","Wake","SANDY FORKS RD",450,"E","From","SUBURBAN DR","E","FALLS  OF NEUSE RD","Ran off road - left","Pedalcyclist","Local Street","No Special Feature","No control present","Clear","","No","2015/03/19 23:20:00.056+00",10,"Tuesday",3,19,"March",3,2015,1,0,0,1,0,0,0,0,0,1,1,0,35.87,-78.625
4721,"2015/03/19 20:55:00+00","P15014666","On Roadway (Surface) / Off Roadway","In","RALEIGH","Wake","NEW BERN AVE",100,"E","From","SUNNY BROOK RD","E","MILBURNIE RD","Rear end, slow or stop","Rear end, slow or stop","Local Street","No Special Feature","Stop and go signal","Clear","","No","2015/05/20 18:00:00.160+00",19,"Thursday",5,12,"March",3,2015,1,0,0,1,0,0,0,0,0,1,1,0,35.7878,-78.5876
5187,"2015/03/24 02:17:00+00","P15015431","On Roadway (Surface) / Off Roadway","In","RALEIGH","Wake","WAKE FOREST RD",0,"","At","SIX FORKS RD","N","WAKE TOWNE DR","Pedalcyclist","Angle","Local Street","No Special Feature","Stop and go signal","Clear","","No","2015/04/01 23:20:00.180+00",23,"Monday",2,18,"March",3,2015,1,0,0,1,0,0,0,0,1,0,1,0,35.8197,-78.6239
5241,"2015/03/28 18:09:00+00","P15016314","On Roadway (Surface) / Off Roadway","In","RALEIGH","Wake","KING CHARLES RD",0,"","At","NEW BERN AVE","S","KENNEDY ST","Angle","Angle","State Secondary Route","No Special Feature","Stop and go signal","Clear","","No","2015/03/30 22:40:00.642+00",28,"Saturday",7,10,"March",3,2015,1,0,0,1,0,0,0,0,0,1,1,0,35.7798,-78.6089
5251,"2015/03/29 02:31:00+00","P15016383","On Roadway (Surface) / Off Roadway","In","RALEIGH","Wake","W. MORGAN ST.",40,"E","From","TRYON HILL DR","E","MAYO STREET","Rear end, slow or stop","Rear end, slow or stop","Local Street","No Special Feature","No control present","Clear","","No","2015/04/03 00:40:00.289+00",28,"Saturday",7,18,"March",3,2015,1,0,0,1,0,0,0,0,0,0,1,0,35.7798,-78.6564
5621,"2015/04/03 22:03:00+00","P15017521","On Roadway (Surface) / Off Roadway","In","RALEIGH","Wake","HILLSBOROUGH ST",0,"","At","S MCDOWELL ST","E","S SALISBURY ST","Angle","Angle","Local Street","Four-way intersection","Stop and go signal","Clear","","No","2015/04/09 01:20:00.667+00",3,"Friday",6,14,"April",4,2015,1,0,0,1,0,0,0,0,1,0,1,0,35.7805,-78.6417
5714,"2015/04/05 20:40:00+00","P15017898","Shoulder","In","RALEIGH","Wake","NEW BERN AVE",NA,"W","From","OLD MILBURNIE RD","W","ROGERS LN","Ran off road - right","Ran off road - right","Local Street","No Special Feature","No control present","Clear","","No","2015/04/14 20:40:00+00",5,"Sunday",1,12,"April",4,2015,1,1,0,1,0,0,0,0,1,0,2,0,35.792,-78.546
6080,"2015/04/11 02:18:00+00","P15018963","On Roadway (Surface) / Off Roadway","In","RALEIGH","Wake","WESVILL CT",100,"N","From","LAKE BOONE TRAIL","N","MALIBU DR","Moveable object*","Moveable object*","Local Street","No Special Feature","No control present","Clear","","No","2015/04/22 17:40:00.392+00",10,"Friday",6,18,"April",4,2015,1,0,0,1,0,0,0,0,0,1,1,0,35.8162,-78.696
6157,"2015/04/12 02:16:00+00","P15019174","On Roadway (Surface) / Off Roadway","In","RALEIGH","Wake","HILLSBOROUGH ST",0,"","At","DAN ALLEN DR","W","BAGWELL AVE","Left turn, same roadway","Left turn, same roadway","Local Street","T-intersection","Stop and go signal","Clear","","No","2015/04/21 19:20:00.036+00",11,"Saturday",7,18,"April",4,2015,1,1,0,1,0,0,0,0,1,0,2,0,35.7888,-78.6744
6234,"2015/04/14 03:52:00+00","P15019573","On Roadway (Surface) / Off Roadway","In","RALEIGH","Wake","TRAILWOOD HILLS DR",30,"N","From","BARRYMORE ST","N","RAINFORD CT.","Pedalcyclist","Pedalcyclist","Local Street","No Special Feature","No control present","Clear","","No","2015/04/15 22:20:00.486+00",13,"Monday",2,19,"April",4,2015,1,0,0,1,0,0,0,0,0,1,1,0,35.7455,-78.6839
6299,"2015/04/13 23:38:00+00","P15019524","On Roadway (Surface) / Off Roadway","In","RALEIGH","Wake","LEESVILLE RD",0,"","At","RENFIELD DR","E","SEDGEFIELD DR","Pedalcyclist","Pedalcyclist","Local Street","T-intersection","No control present","Clear","","No","2015/04/22 21:20:00.130+00",13,"Monday",2,15,"April",4,2015,1,1,0,1,0,0,0,0,0,0,3,0,35.9195,-78.7352
6400,"2015/04/13 00:39:00+00","P15019331","On Roadway (Surface) / Off Roadway","In","RALEIGH","Wake","NAVAHO DR",721,"E","From","QUAIL HOLLOW DR","E","WAKE  FOREST RD","Pedalcyclist","Pedalcyclist","Local Street","No Special Feature","No control present","Clear","","No","2015/04/29 18:40:00.592+00",12,"Sunday",1,16,"April",4,2015,1,0,0,1,0,0,0,0,1,0,1,0,35.829,-78.6254
6551,"2015/04/18 07:47:00+00","P15020460","On Roadway (Surface) / Off Roadway","In","RALEIGH","Wake","WESTERN  BLVD",100,"W","From","GORMAN SREET","W","CLANTON ST","Angle","Angle","Local Street","No Special Feature","No control present","Clear","","No","2015/04/20 19:40:03.059+00",17,"Friday",6,23,"April",4,2015,1,0,0,1,0,0,0,0,1,0,1,0,35.7849,-78.6919
6568,"2015/04/18 19:26:00+00","P15020548","On Roadway (Surface) / Off Roadway","In","RALEIGH","Wake","FAYETTEVILLE ST",200,"S","From","MARTIN ST","S","DAVIE ST","Rear end, slow or stop","Rear end, slow or stop","Local Street","No Special Feature","No control present","Clear","","No","2015/04/29 17:40:00.710+00",18,"Saturday",7,11,"April",4,2015,1,0,0,1,0,0,0,0,0,0,2,0,35.7763,-78.6393
6885,"2015/04/23 00:12:00+00","P15021399","Outside Trafficway","In","RALEIGH","Wake","6131 SIX FORKS RD",100,"S","From","LYNN RD","S","SANDY FORKS RD","Pedalcyclist","Pedalcyclist","Public Vehicular Area","Driveway, private","No control present","Clear","","No","2015/04/24 18:40:00.032+00",22,"Wednesday",4,16,"April",4,2015,1,0,0,1,0,0,0,0,0,1,1,0,35.864,-78.638
7002,"2015/04/25 10:01:00+00","P15021915","On Roadway (Surface) / Off Roadway","In","RALEIGH","Wake","GARNER RD",100,"S","From","SAINTS AVE","S","PETERSON ST","Pedalcyclist","Pedalcyclist","Local Street","No Special Feature","No control present","Clear","","No","2015/04/30 18:20:00.236+00",25,"Saturday",7,2,"April",4,2015,0,0,0,1,0,1,0,0,1,0,0,1,35.7602,-78.6287
7090,"2015/04/25 02:32:00+00","P15021853","On Roadway (Surface) / Off Roadway","In","RALEIGH","Wake","BRENTWOOD RD",0,"","At","CAPITAL  BLVD","","","Pedalcyclist","Pedalcyclist","Local Street","Four-way intersection","Stop and go signal","Clear","","No","2015/05/06 17:40:00.187+00",24,"Friday",6,18,"April",4,2015,1,0,0,1,0,0,0,0,1,0,1,0,35.8191,-78.596
7604,"2015/05/04 21:07:00+00","P15023728","On Roadway (Surface) / Off Roadway","In","RALEIGH","Wake","SHARPE DR",0,"","At","DURALEIGH RD","","","Pedalcyclist","Pedalcyclist","Local Street","Driveway, public","No control present","Clear","","No","2015/05/13 18:20:00.072+00",4,"Monday",2,13,"May",5,2015,1,0,0,1,0,0,0,0,1,0,1,0,35.8517,-78.711
7945,"2015/05/09 03:31:00+00","P15024662","On Roadway (Surface) / Off Roadway","In","RALEIGH","Wake","PENDER ST",0,"","At","N CARVER ST","E","N FISHER ST","Angle","Angle","Local Street","No Special Feature","Stop sign","Clear","","No","2015/05/12 00:40:00.836+00",8,"Friday",6,19,"May",5,2015,1,1,0,1,0,0,0,0,0,0,3,0,35.782,-78.6157
8097,"2015/05/11 20:10:00+00","P15025128","On Roadway (Surface) / Off Roadway","In","RALEIGH","Wake","BRAGG ST",5,"S","From","BRAGG ST","S","MCMAKIN DR","Sideswipe, same direction","Sideswipe, same direction","Local Street","No Special Feature","No control present","Cloudy","","No","2015/05/12 18:40:00.480+00",11,"Monday",2,12,"May",5,2015,1,0,0,1,0,0,0,0,1,1,0,0,35.7656,-78.6309
8113,"2015/05/08 03:21:00+00","P15024438","Outside Trafficway","In","RALEIGH","Wake","2501 NEW HOPE CHURCH R",NA,"W","From","ATLANTIC  AVE","W","WAKE  FOREST RD","Pedalcyclist","Pedalcyclist","Public Vehicular Area","Driveway, private","No control present","Clear","","No","2015/05/18 17:40:02.029+00",7,"Thursday",5,19,"May",5,2015,1,0,0,1,0,0,0,1,0,0,1,0,35.834,-78.604
8860,"2015/05/24 05:40:00+00","P15027735","On Roadway (Surface) / Off Roadway","In","RALEIGH","Wake","TRAWICK RD",0,"","At","EDGETONE DR","E","SHERRY DR","Sideswipe, opposite direction","Sideswipe, opposite direction","Local Street","No Special Feature","Stop sign","Clear","","No","2015/05/26 19:40:00.900+00",23,"Saturday",7,21,"May",5,2015,1,0,0,1,0,0,0,0,1,0,1,0,35.8192,-78.5865
8862,"2015/05/24 07:20:00+00","P15027754","On Roadway (Surface) / Off Roadway","In","RALEIGH","Wake","TRAWICK RD",0,"","At","EDGETONE DR","W","STONYBROOK DR","Pedestrian","Pedestrian","Local Street","No Special Feature","No control present","Clear","NaN","No","2021/01/29 19:29:59.937+00",24,"Sunday",1,3,"May",5,2015,1,1,NA,1,NA,0,0,0,1,0,2,0,35.8192,-78.5865
9675,"2015/06/06 22:44:00+00","P15030505","On Roadway (Surface) / Off Roadway","In","RALEIGH","Wake","1601 CROSSLINK RD",200,"S","From","CROSS LINK RD","N","40","Other collision with vehicle*","Other collision with vehicle*","","","","Clear","","No","2015/06/16 21:19:59.996+00",6,"Saturday",7,14,"June",6,2015,1,3,0,1,0,0,0,0,0,0,5,0,35.7548,-78.6141
10365,"2015/06/16 16:36:00+00","P15032669","On Roadway (Surface) / Off Roadway","In","RALEIGH","Wake","E MILLBROOK RD",0,"","At","SWEETBRIAR DR","E","CEADARWOOD DR","Pedalcyclist","Pedalcyclist","Local Street","Four-way intersection","Stop sign","Clear","","No","2015/06/18 17:40:00.130+00",16,"Tuesday",3,8,"June",6,2015,1,0,0,1,0,0,0,1,0,0,1,0,35.8516,-78.6304
10454,"2015/06/18 01:30:00+00","P15032845","On Roadway (Surface) / Off Roadway","In","RALEIGH","Wake","NORTHBROOK DR",5,"W","From","SIX FORK RD","W","TERRY ST","Right turn, different roadways","Right turn, different roadways","Local Street","No Special Feature","Stop and go signal","Clear","","No","2015/06/24 17:40:00.387+00",17,"Wednesday",4,17,"June",6,2015,0,0,0,1,0,1,0,0,1,0,1,0,35.844,-78.6425
10581,"2015/06/20 17:55:00+00","P15033388","On Roadway (Surface) / Off Roadway","In","RALEIGH","Wake","HILLSBOROUGH ST",0,"","At","ST MARYS STREET","E","BOYLAN AVE","Left turn, same roadway","Left turn, same roadway","Local Street","Four-way intersection","Stop and go signal","Clear","","No","2015/06/24 18:40:00.710+00",20,"Saturday",7,9,"June",6,2015,1,0,0,1,0,0,0,0,0,1,1,0,35.7809,-78.6505
10651,"2015/06/20 19:35:00+00","P15033599","On Roadway (Surface) / Off Roadway","In","RALEIGH","Wake","RAY RD",30,"SE","From","ANDREA LN","SE","KNEBWORTH CT","Sideswipe, same direction","Sideswipe, same direction","Local Street","No Special Feature","No control present","Clear","","No","2015/06/22 19:40:13.670+00",20,"Saturday",7,11,"June",6,2015,1,0,0,1,0,0,0,0,1,0,0,0,35.8906,-78.6985
10789,"2015/06/24 18:41:00+00","P15034136","On Roadway (Surface) / Off Roadway","In","RALEIGH","Wake","LAKE WHEELER RD",213,"W","From","S SAUNDERS ST","W","HAMMELL DR","Other non-collision*","Other non-collision*","Local Street","No Special Feature","No control present","Clear","","No","2015/06/25 18:58:29.256+00",24,"Wednesday",4,10,"June",6,2015,0,0,0,1,0,0,0,0,1,0,0,0,35.7691,-78.6488
10913,"2015/06/26 03:24:00+00","P15034446","On Roadway (Surface) / Off Roadway","In","RALEIGH","Wake","HUNTLEIGH DR",5,"S","From","INGRAM RD","S","YORKSHIRE CT","Angle","Angle","Local Street","No Special Feature","No control present","Clear","","No","2015/06/30 18:40:00.566+00",25,"Thursday",5,19,"June",6,2015,1,0,0,1,0,0,0,0,0,1,1,0,35.8308,-78.594
11003,"2015/06/27 22:19:00+00","P15034764","On Roadway (Surface) / Off Roadway","In","RALEIGH","Wake","CAPITAL BLVD",545,"SW","From","HUNTLEIGH DR","SW","BRENTWOOD RD","Sideswipe, same direction","Sideswipe, same direction","Local Street","No Special Feature","No control present","Cloudy","","No","2015/07/07 17:40:02.127+00",27,"Saturday",7,14,"June",6,2015,1,0,0,1,0,0,0,0,0,1,1,0,35.8202,-78.5934
11219,"2015/07/01 02:12:00+00","P15035390","On Roadway (Surface) / Off Roadway","In","RALEIGH","Wake","CENTENNIAL  PKWY",3,"NW","From","LAKE WHEELER RD","NE","FARMERS MARKET DR","Pedalcyclist","Pedalcyclist","Local Street","Four-way intersection","Stop and go signal","Clear","","No","2015/07/09 20:20:01.637+00",30,"Tuesday",3,18,"June",6,2015,1,0,0,1,0,0,0,0,1,0,1,0,35.7608,-78.6616
11444,"2015/07/04 22:16:00+00","P15036137","On Roadway (Surface) / Off Roadway","In","RALEIGH","Wake","1100 N RALEIGH BLVD",20,"N","From","GLASCOCK RD","N","BURGUNDY ST","Head on","Head on","Public Vehicular Area","Driveway, public","No control present","Rain","","No","2015/07/06 18:40:02.147+00",4,"Saturday",7,14,"July",7,2015,1,0,0,1,0,0,0,0,1,0,1,0,35.793,-78.61
11562,"2015/07/07 01:05:00+00","P15036502","On Roadway (Surface) / Off Roadway","In","RALEIGH","Wake","HONEYCUTT RD",5,"NW","From","FALLS OF NEUSE RD","NW","RUE MONET RD","Pedalcyclist","Pedalcyclist","Local Street","Related to intersection","Stop and go signal","Clear","","No","2015/07/13 19:20:02.013+00",6,"Monday",2,17,"July",7,2015,1,0,0,1,0,0,0,0,0,0,2,0,35.894,-78.6226
11995,"2015/07/13 02:14:00+00","P15037941","On Roadway (Surface) / Off Roadway","In","RALEIGH","Wake","SIX FORKS RD",0,"","At","ACACIA RD","S","LYNN RD","Pedalcyclist","Pedalcyclist","Local Street","T-intersection","No control present","Clear","","No","2015/07/15 18:40:02.299+00",12,"Sunday",1,18,"July",7,2015,1,0,0,1,0,0,0,0,0,0,1,0,35.8684,-78.6391
12246,"2015/07/18 01:49:00+00","P15038819","On Roadway (Surface) / Off Roadway","In","RALEIGH","Wake","440",20,"S","From","440","S","WAKE TOWNE DR","Pedalcyclist","Pedalcyclist","Interstate","On-ramp entry","Stop and go signal","Clear","","No","2015/07/20 18:40:03.119+00",17,"Friday",6,17,"July",7,2015,1,0,0,1,0,0,0,0,1,0,1,0,35.8247,-78.6215
12534,"2015/07/23 03:24:00+00","P15039729","On Roadway (Surface) / Off Roadway","In","RALEIGH","Wake","RALEIGH BLVD",325,"N","From","BARKSDALE DR","N","CRABTREE BLVD","Pedalcyclist","Pedalcyclist","Local Street","T-intersection","Stop and go signal","Clear","","No","2015/07/24 18:40:02.697+00",22,"Wednesday",4,19,"July",7,2015,1,0,0,1,0,0,0,0,0,1,0,1,35.8033,-78.6081
13317,"2015/08/04 05:47:00+00","P15042166","On Roadway (Surface) / Off Roadway","In","RALEIGH","Wake","GLENWOOD AVE",0,"","At","TUCKER ST","N","W JOHNSON ST","Left turn, same roadway","Left turn, same roadway","Local Street","No Special Feature","Stop and go signal","Clear","","No","2015/09/01 00:40:05.107+00",3,"Monday",2,21,"August",8,2015,1,0,0,1,0,0,0,0,1,0,1,0,35.7862,-78.6489
13564,"2015/08/08 21:03:00+00","P15043095","On Roadway (Surface) / Off Roadway","In","RALEIGH","Wake","CAPITAL  BLVD",NA,"N","From","CALAVARY DR","N","N NEW HOPE RD","Pedalcyclist","Pedalcyclist","Local Street","No Special Feature","No control present","Clear","","No","2015/08/10 20:40:03.556+00",8,"Saturday",7,13,"August",8,2015,1,3,0,1,0,0,0,0,1,0,4,0,35.847,-78.58
13722,"2015/08/11 21:57:00+00","P15043703","On Roadway (Surface) / Off Roadway","In","RALEIGH","Wake","FAYETTEVILLE ST",10,"S","From","DAVIE ST","S","LENOIR ST","Sideswipe, same direction","Parked Motor Vehicle","Local Street","No Special Feature","No control present","Rain","Cloudy","Yes","2015/08/19 22:40:04.019+00",11,"Tuesday",3,13,"August",8,2015,2,0,0,1,0,0,0,0,0,0,2,0,35.7753,-78.6393
14178,"2015/08/18 01:52:00+00","P15044969","On Roadway (Surface) / Off Roadway","In","RALEIGH","Wake","BIGGS DR",0,"","At","RUGGLES DR","S","GOODE ST","Pedalcyclist","Pedalcyclist","Local Street","No Special Feature","No control present","Clear","","No","2015/08/18 18:40:04.869+00",17,"Monday",2,17,"August",8,2015,1,0,0,1,0,0,0,0,1,0,1,0,35.766,-78.657
14189,"2015/08/18 06:17:00+00","P15045017","On Roadway (Surface) / Off Roadway","In","RALEIGH","Wake","MILBURNIE RD",0,"","At","BOOKER DR","E","RALEIGH BLVD","Pedalcyclist","Pedalcyclist","Local Street","T-intersection","No control present","Clear","","No","2015/08/19 17:40:04.392+00",17,"Monday",2,22,"August",8,2015,1,0,0,1,0,0,0,0,1,0,1,0,35.7876,-78.6144
15001,"2015/08/29 18:10:00+00","P15047479","On Roadway (Surface) / Off Roadway","In","RALEIGH","Wake","HOYLE DR",10,"S","From","MILLBROOK RD","S","MILLBOROUGH CT","Pedalcyclist","Pedalcyclist","Local Street","T-intersection","Stop sign","Clear","","No","2015/09/14 17:40:05.717+00",29,"Saturday",7,10,"August",8,2015,1,0,0,1,0,0,0,0,1,0,1,0,35.8477,-78.5926
15156,"2015/09/01 04:12:00+00","P15047938","On Roadway (Surface) / Off Roadway","In","RALEIGH","Wake","N ROGERS LN",0,"","At","OLD US HWY 64","NE","SUNRISE VALLEY PL","Angle","Angle","Local Street","T-intersection","Stop sign","Clear","","No","2015/09/08 20:40:05.210+00",31,"Monday",2,20,"August",8,2015,1,0,0,1,0,0,0,0,0,1,1,0,35.7946,-78.548
15259,"2015/09/02 23:37:00+00","P15048320","On Roadway (Surface) / Off Roadway","In","RALEIGH","Wake","CREEDMOOOR RD",0,"","At","LYNN  RD","N","CAMPUS DR","Angle","Angle","Local Street","Four-way intersection","Stop and go signal","Clear","","No","2015/09/03 18:20:05.190+00",2,"Wednesday",4,15,"September",9,2015,1,0,0,1,0,0,0,0,1,0,1,0,35.8728,-78.6795
15518,"2015/09/06 01:16:00+00","P15049002","On Roadway (Surface) / Off Roadway","In","RALEIGH","Wake","GLENWOOD AVE",250,"N","From","W JOHNSON ST","N","W PEACE ST","Pedalcyclist","Pedalcyclist","Local Street","No Special Feature","No control present","Clear","","No","2015/09/09 18:40:06.369+00",5,"Saturday",7,17,"September",9,2015,1,4,0,1,0,0,0,0,1,0,5,0,35.737,-78.646
15589,"2015/09/06 02:13:00+00","P15049015","On Roadway (Surface) / Off Roadway","In","RALEIGH","Wake","HARGETT ST",0,"","At","SALISBURY ST","E","FAYETTEVILLE ST","Pedalcyclist","Pedalcyclist","Local Street","Four-way intersection","Stop and go signal","Clear","","No","2015/09/08 22:40:05.627+00",5,"Saturday",7,18,"September",9,2015,1,0,0,1,0,0,0,0,1,0,1,0,35.7787,-78.6399
15638,"2015/09/08 15:10:00+00","P15049410","On Roadway (Surface) / Off Roadway","In","RALEIGH","Wake","NEW  BERN AVE",318,"E","From","STAR ST","E","N RALEIGH BLVD","Pedalcyclist","Pedalcyclist","Local Street","Four-way intersection","Stop and go signal","Fog, smog, smoke","","No","2015/09/09 18:40:05.490+00",8,"Tuesday",3,7,"September",9,2015,1,0,0,1,0,0,0,0,0,1,1,0,35.7799,-78.6145
16267,"2015/09/18 02:10:00+00","P15051407","On Roadway (Surface) / Off Roadway","In","RALEIGH","Wake","FALLS  OF NEUSE RD",0,"","At","NEWTON DR","N","HARPS MILL RD","Pedalcyclist","Pedalcyclist","Local Street","Y-intersection","Stop and go signal","Clear","","No","2015/09/18 19:40:05.397+00",17,"Thursday",5,18,"September",9,2015,1,0,0,1,0,0,0,0,0,1,1,0,35.8795,-78.6251
16918,"2015/09/26 21:05:00+00","P15053270","Outside Trafficway","In","RALEIGH","Wake","PVA 505 CHAVIS WAY",250,"W","From","CHAVIS WY","W","GARNER RD","Pedalcyclist","Pedalcyclist","Public Vehicular Area","No Special Feature","No control present","Rain","","No","2015/09/28 18:40:11.829+00",26,"Saturday",7,13,"September",9,2015,1,0,0,1,0,0,0,0,1,0,1,0,35.768,-78.6295
17777,"2015/10/07 03:23:00+00","P15055434","On Roadway (Surface) / Off Roadway","In","RALEIGH","Wake","DURANT RD",0,"","At","CAPITAL HILLS DR","W","GARVEY DR","Pedalcyclist","Pedalcyclist","Local Street","No Special Feature","Stop and go signal","Clear","","No","2015/10/07 18:40:07.973+00",6,"Tuesday",3,19,"October",10,2015,1,0,0,1,0,0,0,0,1,0,1,0,35.895,-78.5641
17803,"2015/10/02 22:21:00+00","P15054599","On Roadway (Surface) / Off Roadway","In","RALEIGH","Wake","NEW HOPE RD",0,"","At","CHARNY DR","S","LIVE OAK RD","Pedalcyclist","Pedalcyclist","Local Street","T-intersection","Stop sign","Rain","Cloudy","Unknown","2015/10/07 19:40:06.147+00",2,"Friday",6,14,"October",10,2015,1,0,0,1,0,0,0,0,0,1,1,0,35.809,-78.565
17857,"2015/10/08 06:13:00+00","P15055693","Shoulder","In","RALEIGH","Wake","SPRING FOREST RD",530,"W","From","RAINWATER DR","W","JADE TREE LN","Sideswipe, same direction","Sideswipe, same direction","Local Street","No Special Feature","No control present","Clear","","No","2015/10/19 17:40:07.023+00",7,"Wednesday",4,22,"October",10,2015,1,0,0,1,0,0,0,0,1,0,1,0,35.8693,-78.6127
17923,"2015/10/09 02:50:00+00","P15055870","On Roadway (Surface) / Off Roadway","In","RALEIGH","Wake","W MORGAN ST",5,"E","From","ST MARYS ST","E","S BOYLAN AVE","Rear end, slow or stop","Rear end, slow or stop","Local Street","No Special Feature","No control present","Clear","","No","2015/10/13 19:40:06.673+00",8,"Thursday",5,18,"October",10,2015,1,0,0,1,0,0,0,0,0,1,1,0,35.78,-78.6505
17938,"2015/10/09 15:50:00+00","P15055936","On Roadway (Surface) / Off Roadway","In","RALEIGH","Wake","NEWTON RD",0,"","At","FALLS OF NEUSE RD","E","STAGHORN LN","Right turn, different roadways","Right turn, different roadways","Local Street","T-intersection","Stop and go signal","Clear","","No","2015/11/13 19:40:09.423+00",9,"Friday",6,7,"October",10,2015,1,0,0,1,0,0,0,0,0,1,1,0,35.8795,-78.6252
18078,"2015/10/11 18:28:00+00","P15056407","Outside Trafficway","In","RALEIGH","Wake","ORCHARD HOLLOW LANE",100,"E","From","STERLING PARK DRIVE","E","SIERRA DRIVE","Pedalcyclist","Pedalcyclist","Public Vehicular Area","Driveway, private","No control present","Clear","","No","2015/10/14 19:40:06.740+00",11,"Sunday",1,10,"October",10,2015,1,0,0,1,0,0,0,0,0,0,1,0,35.7515,-78.6808
18176,"2015/10/08 23:00:00+00","P15055842","Outside Trafficway","In","RALEIGH","Wake","5265 SIX FORKS RD",50,"S","From","WINDEL DR","S","CRESTVIEW RD","Pedalcyclist","Pedalcyclist","Public Vehicular Area","No Special Feature","No control present","Clear","","No","2015/10/22 18:20:06.953+00",8,"Thursday",5,15,"October",10,2015,1,0,0,1,0,0,0,0,0,1,1,0,35.8532,-78.6429
18357,"2015/10/13 15:05:00+00","P15056760","Outside Trafficway","In","RALEIGH","Wake","2201 SPRING FOREST RD",0,"","At","QUAIL RIDGE RD","E","DIXIE FOREST RD","Pedalcyclist","Pedalcyclist","Public Vehicular Area","No Special Feature","Stop and go signal","Clear","","No","2015/10/22 17:40:07.233+00",13,"Tuesday",3,7,"October",10,2015,1,0,0,1,0,0,0,0,0,1,1,0,35.8645,-78.6044
18936,"2015/10/23 17:40:00+00","P15058916","Outside Trafficway","In","RALEIGH","Wake","3710 WESTERN BLVD",0,"","At","GORMAN ST","E","VARSITY  DR","Pedalcyclist","Pedalcyclist","Public Vehicular Area","No Special Feature","No control present","Clear","","No","2015/10/28 19:40:31.839+00",23,"Friday",6,9,"October",10,2015,1,0,0,1,0,0,0,0,0,0,2,0,35.7851,-78.688
18961,"2015/10/23 19:03:00+00","P15058928","On Roadway (Surface) / Off Roadway","In","RALEIGH","Wake","SIX FORK RD",30,"W","From","WAKE FOREST RD","W","HILLMER DR","Angle","Angle","Local Street","No Special Feature","No control present","Clear","","No","2015/10/29 21:20:07.029+00",23,"Friday",6,11,"October",10,2015,1,0,0,1,0,0,0,0,0,0,2,0,35.8199,-78.6244