"OBJECTID","DateOfCrash","LocalUse","LocationRelationToRoad","LocationInNearIndicator","LocationCity","LocationCounty","LocationRoadNameOn","LocationFeetFromRoad","LocationDirectionFromRoad","LocationAtFromIndicator","LocationRoadNameAt","LocationDirectionToRoad","LocationRoadNameTo","FirstHarmfulEvent","MostHarmfulEvent","RoadClassification","RoadFeature","TrafficControlType","WeatherCondition1","WeatherCondition2","WeatherContributedToCrash","UpdateDate","Crash_Date_Day","Crash_Date_DOW","Crash_Date_DOW_Num","Crash_Date_Hour","Crash_Date_Month","Crash_Date_Month_Num","Crash_Date_Year","drivers","passengers","pedestrians","pedalcyclists","other_person_type","unknown_person_type","killed","type_a_injury","type_b_injury","type_c_injury","no_injury","injury_unknown","LocationLatitude","LocationLongitude"
20026,"2015/11/05 07:57:00+00","P15061800","Outside Trafficway","In","RALEIGH","Wake","216 DEVILLE PL LOT 91",50,"E","From","SCHENLY DR","E","MAZURKA CT","Pedalcyclist","Pedalcyclist","Private Road, Driveway","Driveway, private","No control present","Cloudy","","No","2015/11/05 20:00:08.403+00",4,"Wednesday",4,21,"November",11,2015,1,0,0,1,0,0,0,0,0,1,0,1,35.7438,-78.6366
20067,"2015/11/05 20:37:00+00","P15061884","Outside Trafficway","In","RALEIGH","Wake","2801 WAKE FOREST RD",250,"S","From","SIX FORKS RD","S","RUCKER ST","Pedalcyclist","Pedalcyclist","Public Vehicular Area","No Special Feature","No control present","Cloudy","","No","2015/11/10 20:40:08.157+00",5,"Thursday",5,10,"November",11,2015,1,0,0,1,0,0,0,0,0,1,1,0,35.8189,-78.6246
20785,"2015/11/14 03:32:00+00","P15063708","On Roadway (Surface) / Off Roadway","In","RALEIGH","Wake","WEST ST",0,"","At","EDENTON ST","S","HILLSBOROGH ST","Pedalcyclist","Pedalcyclist","Local Street","Four-way intersection","Stop and go signal","Clear","","No","2015/11/19 20:20:09.079+00",13,"Friday",6,17,"November",11,2015,1,0,0,1,0,0,0,0,0,1,1,0,35.7815,-78.6459
21219,"2015/11/21 01:35:00+00","P15065000","On Roadway (Surface) / Off Roadway","In","RALEIGH","Wake","CAMERON ST",0,"","At","OBERLIN RD","S","STAFFORD AVE","Pedalcyclist","Pedalcyclist","Local Street","T-intersection","Stop and go signal","Clear","","No","2015/12/01 20:40:10.132+00",20,"Friday",6,15,"November",11,2015,1,2,0,1,0,0,0,0,1,0,3,0,35.7908,-78.663
22165,"2015/12/04 19:34:00+00","P15067553","On Roadway (Surface) / Off Roadway","In","RALEIGH","Wake","ASHE AVE",100,"N","From","WESTERN  BLVD","N","DEXTER RD","Pedalcyclist","Pedalcyclist","Local Street","No Special Feature","No control present","Clear","","No","2015/12/07 21:40:09.470+00",4,"Friday",6,9,"December",12,2015,1,0,0,1,0,0,0,0,1,0,1,0,35.7789,-78.6628
22174,"2015/12/04 21:47:00+00","P15067582","On Roadway (Surface) / Off Roadway","In","RALEIGH","Wake","NEW HOPE  CHURCH RD",0,"","At","GREEN RD","SW","HUNTLEIGH DR","Pedalcyclist","Pedalcyclist","Local Street","Four-way intersection","Stop and go signal","Clear","","No","2015/12/10 19:40:09.612+00",4,"Friday",6,11,"December",12,2015,1,2,0,1,0,0,0,0,0,1,3,0,35.8356,-78.5931
22504,"2015/12/09 06:23:00+00","P15068455","On Roadway (Surface) / Off Roadway","In","RALEIGH","Wake","S WILMINGTON ST",0,"","At","MLK JR BLVD","N","W SOUTH ST","Right turn, same roadway","Pedalcyclist","Local Street","No Special Feature","Stop and go signal","Clear","","No","2015/12/09 21:40:09.390+00",8,"Tuesday",3,20,"December",12,2015,1,0,0,1,0,0,0,0,0,0,1,1,35.769,-78.6377
23474,"2015/12/22 03:07:00+00","P15071067","On Roadway (Surface) / Off Roadway","In","RALEIGH","Wake","FALLS OF COMMONS DR",206,"NW","From","SPRINGFIELD COMMONS DR","NW","SPRING  FOREST RD","Pedalcyclist","Pedalcyclist","Local Street","No Special Feature","Stop sign","Cloudy","","No","2015/12/28 20:40:09.710+00",21,"Monday",2,17,"December",12,2015,1,0,0,1,0,0,0,0,0,1,1,0,35.8668,-78.6226
23862,"2015/12/23 05:47:00+00","P15071332","On Roadway (Surface) / Off Roadway","In","RALEIGH","Wake","LAKE RIDGE DR",0,"","At","CALVARY DR","N","MILLBROOK DR","Pedalcyclist","Pedalcyclist","Local Street","Four-way intersection","Stop sign","Cloudy","","No","2016/01/04 21:20:11.016+00",22,"Tuesday",3,19,"December",12,2015,1,0,0,1,0,0,0,0,1,0,1,0,35.8442,-78.5816
24441,"2016/01/07 04:36:00+00","P16001025","On Roadway (Surface) / Off Roadway","In","RALEIGH","Wake","BROOKS AVE",30,"S","From","CLARK AVE","S","HILLSBOROUGH  ST","Backing up","Backing up","Local Street","No Special Feature","No control present","Clear","","No","2016/01/11 23:20:10.326+00",6,"Wednesday",4,18,"January",1,2016,1,0,0,1,0,0,0,0,0,1,1,0,35.7912,-78.673
24443,"2016/01/07 06:20:00+00","P16001054","On Roadway (Surface) / Off Roadway","In","RALEIGH","Wake","HILLSBOROUGH ST",370,"W","From","GARDNER ST","W","BROOKS AVE","Pedalcyclist","Pedalcyclist","Local Street","No Special Feature","No control present","Clear","","No","2016/01/12 20:40:10.986+00",6,"Wednesday",4,20,"January",1,2016,1,0,0,1,0,0,0,0,0,0,2,0,35.7886,-78.6717
24672,"2016/01/11 00:01:00+00","P16001748","On Roadway (Surface) / Off Roadway","In","RALEIGH","Wake","HILLSBOROUGH  ST",200,"E","From","GARDNER ST","E","POGUE ST","Pedalcyclist","Pedalcyclist","Local Street","No Special Feature","No control present","Clear","","No","2016/01/13 22:20:10.907+00",10,"Sunday",1,14,"January",1,2016,1,1,0,1,0,0,0,0,0,0,3,0,35.7883,-78.6706
24893,"2016/01/14 03:18:00+00","P16002347","On Roadway (Surface) / Off Roadway","In","RALEIGH","Wake","N MCDOWELL ST",0,"","At","HILLSBOROUGH ST","N","EDENTON ST","Pedalcyclist","Pedalcyclist","Local Street","Four-way intersection","Stop and go signal","Clear","","No","2016/01/19 21:40:10.940+00",13,"Wednesday",4,17,"January",1,2016,1,0,0,1,0,0,0,0,0,1,1,0,35.7805,-78.6417
25892,"2016/01/30 21:15:00+00","P16005326","Outside Trafficway","In","RALEIGH","Wake","3715 WESTERN BLVD",0,"","At","GORMAN ST","E","VARSITY DR","Pedalcyclist","Pedalcyclist","Other*","T-intersection","No control present","Clear","","No","2016/02/01 20:20:10.990+00",30,"Saturday",7,11,"January",1,2016,1,0,0,1,0,0,0,0,0,0,2,0,35.7843,-78.6872
27254,"2016/02/19 03:25:00+00","P16009101","On Roadway (Surface) / Off Roadway","In","RALEIGH","Wake","GLENWOOD  AVE",0,"","At","GLENWOOD AVE","SW","BRIER CREEK PARKWAY","Pedalcyclist","Angle","Local Street","Four-way intersection","Stop and go signal","Clear","","No","2016/02/19 22:00:11.933+00",18,"Thursday",5,17,"February",2,2016,1,0,0,1,0,0,0,0,0,1,1,0,35.9126,-78.7815
27398,"2016/02/20 03:03:00+00","P16009318","On Roadway (Surface) / Off Roadway","In","RALEIGH","Wake","BILYEU ST",0,"","At","KIRBY ST","N","WESTERN  BLVD","Pedalcyclist","Pedalcyclist","Local Street","No Special Feature","No control present","Clear","","No","2016/03/01 22:10:12.609+00",19,"Friday",6,17,"February",2,2016,1,0,0,1,0,0,0,0,1,0,1,0,35.7779,-78.6637
28342,"2016/03/06 02:00:00+00","P16012120","On Roadway (Surface) / Off Roadway","In","RALEIGH","Wake","DURANT RD",0,"","At","FALLS RIVER AVE","W","RAVEN RIDGE RD","Pedalcyclist","Pedalcyclist","Local Street","Four-way intersection","Stop and go signal","Clear","","No","2016/03/09 20:10:12.259+00",5,"Saturday",7,16,"March",3,2016,1,1,0,1,0,0,0,0,1,0,2,0,35.9046,-78.5881
28641,"2016/03/09 22:30:00+00","P16012971","Outside Trafficway","In","RALEIGH","Wake","4921 COOLRIDGE CT",217,"S","From","SEDGEWICK DR","S","HYLTON DR","Pedalcyclist","Pedalcyclist","Public Vehicular Area","Driveway, public","No control present","Clear","","No","2016/03/21 20:01:43.082+00",9,"Wednesday",4,12,"March",3,2016,1,0,0,1,0,0,0,0,0,1,1,0,35.8538,-78.5731
28820,"2016/03/13 22:23:00+00","P16013586","On Roadway (Surface) / Off Roadway","In","RALEIGH","Wake","HILLSBOROUGH ST",500,"E","From","YOUTH CENTER DR","E","BLUE RIDGE RD","Sideswipe, same direction","Sideswipe, same direction","Local Street","No Special Feature","No control present","Clear","","No","2016/04/08 01:10:12.609+00",13,"Sunday",1,14,"March",3,2016,1,0,0,1,0,0,0,0,1,0,0,0,35.792,-78.7117
29018,"2016/03/16 02:45:00+00","P16014054","On Roadway (Surface) / Off Roadway","In","RALEIGH","Wake","HARGETT ST",0,"","At","MCDDOWELL ST","W","MARTIN ST","Sideswipe, opposite direction","Sideswipe, opposite direction","Local Street","Four-way intersection","Stop and go signal","Clear","","No","2016/03/23 21:11:42.450+00",15,"Tuesday",3,18,"March",3,2016,1,0,0,1,0,0,0,0,0,1,1,0,35.778,-78.643
29637,"2016/03/24 01:39:00+00","P16015751","On Roadway (Surface) / Off Roadway","In","RALEIGH","Wake","N WEST ST",0,"","At","W PEACE ST","W","GLENWOOD AVE","Left turn, same roadway","Pedalcyclist","Local Street","No Special Feature","Stop and go signal","Clear","","No","2016/04/04 18:10:13.286+00",23,"Wednesday",4,17,"March",3,2016,1,0,0,1,0,0,0,0,0,1,1,0,35.7886,-78.6453
30292,"2016/03/29 02:05:00+00","P16016700","On Roadway (Surface) / Off Roadway","In","RALEIGH","Wake","MARTIN ST",0,"","At","SWAIN ST","W","CHAVIS WAY","Pedalcyclist","Pedalcyclist","Local Street","Four-way intersection","Stop sign","Clear","","No","2016/04/13 18:00:13.309+00",28,"Monday",2,18,"March",3,2016,1,0,0,1,0,0,0,0,1,0,1,0,35.7765,-78.629
30329,"2016/04/04 22:23:00+00","P16018027","On Roadway (Surface) / Off Roadway","In","RALEIGH","Wake","S SALISBURY ST",5,"S","From","W LENOIR ST","S","W SOUTH ST","Pedalcyclist","Pedalcyclist","Interstate","No Special Feature","Stop and go signal","Clear","","No","2016/04/05 21:00:13.036+00",4,"Monday",2,14,"April",4,2016,1,0,0,1,0,0,0,0,1,0,1,0,35.7728,-78.6405
30359,"2016/04/05 01:30:00+00","P16018075","On Roadway (Surface) / Off Roadway","In","RALEIGH","Wake","NEW  BERN AVE",5,"E","From","NORTH CARVER ST.","E","RALEIGH  BLVD","Angle","Angle","Local Street","No Special Feature","Stop and go signal","Clear","","No","2016/04/11 22:10:12.907+00",4,"Monday",2,17,"April",4,2016,1,0,0,1,0,0,0,0,0,1,1,0,35.7799,-78.6148
31180,"2016/04/16 21:59:00+00","P16020523","Outside Trafficway","In","RALEIGH","Wake","NEW BERN AVE",100,"E","From","PLAINVIEW DR","E","BEACON LAKE DR","Pedalcyclist","Pedalcyclist","Local Street","No Special Feature","No control present","Clear","","No","2016/04/20 21:00:12.947+00",16,"Saturday",7,13,"April",4,2016,1,0,0,1,0,0,0,0,1,0,0,0,35.7976,-78.5757
31507,"2016/04/20 17:45:00+00","P16021310","On Roadway (Surface) / Off Roadway","In","RALEIGH","Wake","SUMMIT AVE",0,"","At","S SAUNDER ST","S","MAYWOOD AVE","Pedalcyclist","Pedalcyclist","State Secondary Route","T-intersection","Stop sign","Clear","","No","2016/04/21 18:10:13.319+00",20,"Wednesday",4,9,"April",4,2016,1,0,0,1,0,0,0,0,0,1,1,0,35.7618,-78.6495
31579,"2016/04/22 05:05:00+00","P16021671","On Roadway (Surface) / Off Roadway","In","RALEIGH","Wake","MARVINO LN",200,"E","From","PARKSTONE DR","E","COUNTRY TRL","Pedalcyclist","Pedalcyclist","Local Street","No Special Feature","No control present","Clear","","No","2016/04/25 19:10:13.289+00",21,"Thursday",5,21,"April",4,2016,1,0,0,1,0,0,0,0,0,0,2,0,35.8865,-78.7365
31688,"2016/04/22 20:45:00+00","P16021806","Outside Trafficway","In","RALEIGH","Wake","2005 NEW HOPE CHURCH R",2,"N","From","NEW HOPE CHURCH RD","N","HARROD ST","Pedalcyclist","Pedalcyclist","Public Vehicular Area","Driveway, public","No control present","Cloudy","","No","2016/04/25 18:10:13.957+00",22,"Friday",6,12,"April",4,2016,1,0,0,1,0,0,0,0,0,1,1,0,35.8347,-78.6053
31715,"2016/04/23 22:54:00+00","P16022064","On Roadway (Surface) / Off Roadway","In","RALEIGH","Wake","BOYLAN AVE",0,"","At","HARGETT ST","S","MOUNTFORD AVE","Pedalcyclist","Pedalcyclist","Local Street","Four-way intersection","Stop and go signal","Clear","","No","2016/04/25 19:00:13.397+00",23,"Saturday",7,14,"April",4,2016,1,0,0,1,0,0,0,0,0,1,1,0,35.7786,-78.6492
32842,"2016/05/09 01:45:00+00","P16025192","Shoulder","In","RALEIGH","Wake","WESTERN  BLVD",175,"W","From","METHOD RD","W","CHANEY RD","Pedalcyclist","Pedalcyclist","Public Vehicular Area","Driveway, public","No control present","Clear","","No","2016/05/09 20:00:00.062+00",8,"Sunday",1,17,"May",5,2016,1,0,0,1,0,0,0,0,0,0,2,0,35.7842,-78.6944
33330,"2016/05/16 23:58:00+00","P16026775","On Roadway (Surface) / Off Roadway","In","RALEIGH","Wake","CAPITAL  BLVD",120,"S","From","OAK  FOREST DR","S","SPRING  FOREST RD","Right turn, same roadway","Right turn, same roadway","Local Street","No Special Feature","No control present","Clear","","No","2016/05/17 19:10:00.009+00",16,"Monday",2,15,"May",5,2016,1,0,0,1,0,0,0,0,1,0,1,0,35.8604,-78.5818
33473,"2016/05/15 21:32:00+00","P16026551","Outside Trafficway","In","RALEIGH","Wake","1506 QUAIL RIDGE RD",75,"S","From","QUAIL RIDGE RD","S","E MILLBROOK  RD","Pedalcyclist","Pedalcyclist","Public Vehicular Area","No Special Feature","No control present","Clear","","No","2016/05/20 17:59:59.990+00",15,"Sunday",1,13,"May",5,2016,1,0,0,1,0,0,0,0,0,1,1,0,35.8529,-78.6128
33680,"2016/05/21 12:10:00+00","P16027763","On Roadway (Surface) / Off Roadway","In","RALEIGH","Wake","HILL ST",20,"E","From","NEW BERN AVE","E","BOYER ST","Pedalcyclist","Pedalcyclist","Local Street","No Special Feature","Stop sign","Clear","","No","2016/05/23 19:10:00.036+00",21,"Saturday",7,4,"May",5,2016,0,0,0,1,0,1,0,0,1,0,0,0,35.7802,-78.6176
34220,"2016/05/28 17:04:00+00","P16029271","On Roadway (Surface) / Off Roadway","In","RALEIGH","Wake","WAKEFIELD PLANTATION D",0,"","At","HONEYCHURCH ST","N","DURHAM RD","Angle","Angle","Local Street","Traffic circle/roundabout","No control present","Clear","","No","2016/06/03 19:10:01.026+00",28,"Saturday",7,9,"May",5,2016,1,0,0,1,0,0,0,0,1,0,1,0,35.9642,-78.5506
34353,"2016/05/31 02:06:00+00","P16029689","Outside Trafficway","In","RALEIGH","Wake","410 GLENWOOD AVE",30,"N","From","W NORTH ST","N","TUCKER ST","Pedalcyclist","Pedalcyclist","Public Vehicular Area","No Special Feature","No control present","Clear","","No","2016/06/06 23:09:59.857+00",30,"Monday",2,18,"May",5,2016,1,2,0,1,0,0,0,0,0,1,3,0,35.7852,-78.6471
35133,"2016/06/10 09:59:00+00","P16031844","On Roadway (Surface) / Off Roadway","In","RALEIGH","Wake","BUCK JONES RD",0,"","At","OLD FARM RD","S","FARM GATE RD","Pedalcyclist","Pedalcyclist","State Secondary Route","No Special Feature","No control present","Clear","","No","2016/06/10 18:10:00.516+00",10,"Friday",6,1,"June",6,2016,1,0,0,1,0,0,0,0,1,0,0,0,35.7742,-78.7352
35412,"2016/06/14 04:39:00+00","P16032678","On Roadway (Surface) / Off Roadway","In","RALEIGH","Wake","GORMAN ST",0,"","At","SHIRE LN","S","AVENT FERRY RD","Right turn, different roadways","Right turn, different roadways","Local Street","No Special Feature","Stop sign","Clear","","No","2016/06/14 19:00:00.147+00",13,"Monday",2,20,"June",6,2016,1,0,0,1,0,0,0,0,0,1,1,0,35.7621,-78.6948
35422,"2016/06/14 01:42:00+00","P16032648","On Roadway (Surface) / Off Roadway","In","RALEIGH","Wake","BRENTWOOD RD",0,"","At","STONY BROOK DR","S","SKYCREST DR","Pedestrian","Pedestrian","Local Street","No Special Feature","Stop sign","Clear","","No","2016/06/17 19:00:00.890+00",13,"Monday",2,17,"June",6,2016,1,0,0,1,0,0,0,0,0,0,2,0,35.8161,-78.5944
35525,"2016/06/16 00:21:00+00","P16033066","On Roadway (Surface) / Off Roadway","In","RALEIGH","Wake","YONKERS  RD",25,"SE","From","N RALEIGH BLVD","SE","440","Sideswipe, opposite direction","Sideswipe, opposite direction","Local Street","No Special Feature","Stop and go signal","Cloudy","","No","2016/06/30 20:10:00.309+00",15,"Wednesday",4,16,"June",6,2016,1,0,0,1,0,0,0,0,0,0,2,0,35.8094,-78.602
36273,"2016/06/25 11:20:00+00","P16034973","On Roadway (Surface) / Off Roadway","In","RALEIGH","Wake","S MCDOWELL ST",0,"","At","W EDENTON ST","N","W JONES ST","Pedalcyclist","Pedalcyclist","Local Street","Four-way intersection","Stop and go signal","Clear","","No","2016/06/30 20:00:00.197+00",25,"Saturday",7,3,"June",6,2016,0,0,0,1,0,1,0,0,1,0,0,0,35.7813,-78.6433
36504,"2016/06/30 17:54:00+00","P16035911","On Roadway (Surface) / Off Roadway","In","RALEIGH","Wake","CREECH RD",0,"","At","CREECH RD","S","BRENDA DR","Pedalcyclist","Pedalcyclist","Local Street","T-intersection","Stop and go signal","Clear","","No","2016/06/30 21:00:00.430+00",30,"Thursday",5,9,"June",6,2016,1,0,0,1,0,0,0,0,0,1,1,0,35.7481,-78.7416
37675,"2016/07/14 19:15:00+00","P16038526","On Roadway (Surface) / Off Roadway","In","RALEIGH","Wake","JONES FRANKLIN RD",50,"N","From","BUCK JONES RD","N","HILLSBOROUGH  ST","Sideswipe, same direction","Sideswipe, same direction","Local Street","No Special Feature","Stop and go signal","Clear","","No","2016/08/08 19:10:00.516+00",14,"Thursday",5,11,"July",7,2016,1,0,0,1,0,0,0,0,0,0,2,0,35.7851,-78.721
38214,"2016/07/28 09:33:00+00","P16041067","On Roadway (Surface) / Off Roadway","In","RALEIGH","Wake","W MORGAN ST",200,"W","From","MAYO ST","W","TRYON HILL DR","Sideswipe, opposite direction","Sideswipe, opposite direction","Local Street","No Special Feature","No control present","Clear","","No","2016/07/28 19:10:00.256+00",28,"Thursday",5,1,"July",7,2016,1,0,0,1,0,0,0,0,1,0,1,0,35.78,-78.6552
38933,"2016/08/08 06:07:00+00","P16043310","On Roadway (Surface) / Off Roadway","In","RALEIGH","Wake","S WILMINGTON ST",50,"N","From","E HARGETT ST","N","E MORGAN ST","Pedalcyclist","Pedalcyclist","Local Street","No Special Feature","No control present","Cloudy","","No","2016/08/15 18:10:00.372+00",7,"Sunday",1,22,"August",8,2016,1,0,0,1,0,0,0,0,0,0,2,0,35.778,-78.638
39210,"2016/08/11 23:10:00+00","P16044063","On Roadway (Surface) / Off Roadway","In","RALEIGH","Wake","LEAD MINE RD",10,"N","From","W MILLBROOK RD","N","LONGWOOD DR","Pedalcyclist","Pedalcyclist","Local Street","Four-way intersection","Stop and go signal","Clear","","No","2016/08/12 19:00:00.240+00",11,"Thursday",5,15,"August",8,2016,1,0,0,1,0,0,0,0,0,1,0,1,35.8566,-78.6715
39578,"2016/08/17 03:54:00+00","P16045177","On Roadway (Surface) / Off Roadway","In","RALEIGH","Wake","E JONES ST",0,"","At","IDLEWILD AVE","","","Pedalcyclist","Pedalcyclist","Local Street","No Special Feature","Stop sign","Clear","","No","2016/08/17 20:10:00.369+00",16,"Tuesday",3,19,"August",8,2016,1,0,0,1,0,0,0,0,0,1,1,0,35.7819,-78.6255
39645,"2016/08/17 19:29:00+00","P16045279","On Roadway (Surface) / Off Roadway","In","RALEIGH","Wake","WESTERN  BLVD",0,"","At","VARSITY DR","W","GORMAN ST","Pedalcyclist","Pedalcyclist","Local Street","No Special Feature","Stop and go signal","Clear","","No","2016/08/18 22:00:00.309+00",17,"Wednesday",4,11,"August",8,2016,1,0,0,1,0,0,0,0,1,0,1,0,35.7838,-78.6825
39930,"2016/08/21 21:35:00+00","P16046144","On Roadway (Surface) / Off Roadway","In","RALEIGH","Wake","CHAPANOKE RD",0,"","At","S WILMINGTON ST","S","TRYON RD","Angle","Angle","Local Street","No Special Feature","Stop and go signal","Clear","","No","2016/08/22 21:00:00.653+00",21,"Sunday",1,13,"August",8,2016,1,1,0,1,0,0,0,0,0,1,2,0,35.7355,-78.6501
40033,"2016/08/23 03:00:00+00","P16046407","On Roadway (Surface) / Off Roadway","In","RALEIGH","Wake","CREECH RD",3,"S","From","ROCK QUARRY  RD","S","SLATE DR","Pedestrian","Pedestrian","Local Street","T-intersection","Stop and go signal","Clear","","Unknown","2016/08/23 19:10:00.382+00",22,"Monday",2,19,"August",8,2016,0,0,0,1,0,1,0,0,1,0,0,1,35.7481,-78.6065
40326,"2016/08/27 19:45:00+00","P16047341","On Roadway (Surface) / Off Roadway","In","RALEIGH","Wake","PEACE ST",0,"","At","SEABOARD STATION DR","E","SALISBURY ST","Pedalcyclist","Pedalcyclist","Local Street","Four-way intersection","Stop sign","Clear","","No","2016/09/01 01:00:00.276+00",27,"Saturday",7,11,"August",8,2016,1,0,0,1,0,0,0,0,1,0,1,0,35.7881,-78.6396
40400,"2016/08/28 19:10:00+00","P16047517","On Roadway (Surface) / Off Roadway","In","RALEIGH","Wake","WAKEFIELD CROSSING DR",NA,"N","From","WAKEFIELD PINES DR","N","GROVE RIDGE RD","Pedalcyclist","Pedalcyclist","Local Street","No Special Feature","Stop sign","Clear","","No","2016/08/29 21:10:00.369+00",28,"Sunday",1,11,"August",8,2016,1,0,0,1,0,0,0,0,0,1,1,0,35.9444,-78.5555
40990,"2016/09/07 04:09:00+00","P16049252","On Roadway (Surface) / Off Roadway","In","RALEIGH","Wake","AVENT FERRY RD",30,"S","From","CHAMPION CT","S","CENTENNIAL PKWY","Sideswipe, same direction","Sideswipe, same direction","Local Street","No Special Feature","No control present","Clear","","No","2016/09/13 21:50:00.042+00",6,"Tuesday",3,20,"September",9,2016,1,0,0,1,0,0,0,0,1,0,1,0,35.777,-78.6785
41189,"2016/09/10 02:24:00+00","P16049868","On Roadway (Surface) / Off Roadway","In","RALEIGH","Wake","NORTH HILLS DR",40,"S","From","MILLBROOK  RD","S","SHELLEY RD","Pedalcyclist","Pedalcyclist","Local Street","No Special Feature","Stop and go signal","Clear","","No","2016/09/12 19:00:00.157+00",9,"Friday",6,18,"September",9,2016,1,0,0,1,0,0,0,0,0,0,2,0,35.8559,-78.657
41230,"2016/09/10 16:50:00+00","P16049970","On Roadway (Surface) / Off Roadway","In","RALEIGH","Wake","WYCKFORD FOREST DR",5,"E","From","N NEW HOPE RD","E","DILFORD DR","Angle","Angle","Local Street","T-intersection","Stop sign","Clear","","No","2016/09/12 19:00:00.816+00",10,"Saturday",7,8,"September",9,2016,1,0,0,1,0,0,0,0,0,0,2,0,35.8096,-78.5651
41482,"2016/09/14 15:17:00+00","P16050717","On Roadway (Surface) / Off Roadway","In","RALEIGH","Wake","NEW HOPE  RD",0,"","At","SKYCREST   DR","S","WILLOW OAK RD","Right turn, different roadways","Right turn, different roadways","Local Street","Four-way intersection","Stop and go signal","Clear","","No","2016/09/19 20:17:00.109+00",14,"Wednesday",4,7,"September",9,2016,1,0,0,1,0,0,0,0,0,1,0,0,35.8094,-78.5655
41542,"2016/09/09 15:04:00+00","P16049741","On Roadway (Surface) / Off Roadway","In","RALEIGH","Wake","HAMMOND RD",1039,"N","From","TRYON RD","N","CHAPANOKE RD","Pedalcyclist","Pedalcyclist","Local Street","No Special Feature","No control present","Clear","","No","2016/09/17 01:17:00.157+00",9,"Friday",6,7,"September",9,2016,1,0,0,1,0,0,0,0,0,1,1,0,35.7338,-78.6407
42119,"2016/09/19 21:20:00+00","P16052435","On Roadway (Surface) / Off Roadway","In","RALEIGH","Wake","WESTERN  BLVD",4,"W","From","VARSITY DR","W","GORMAN ST","Pedalcyclist","Pedalcyclist","Local Street","No Special Feature","Stop and go signal","Rain","","No","2016/09/27 20:17:00.233+00",19,"Monday",2,13,"September",9,2016,1,0,0,1,0,0,0,0,0,0,1,0,35.7842,-78.6822
42215,"2016/09/24 17:56:00+00","P16052799","On Roadway (Surface) / Off Roadway","In","RALEIGH","Wake","BOYLAN AVE",0,"","At","NORTH ST","N","TUCKER ST","Angle","Angle","Local Street","Four-way intersection","No control present","Clear","","No","2016/10/07 18:50:00.467+00",24,"Saturday",7,9,"September",9,2016,1,0,0,1,0,0,0,0,0,1,1,0,35.7849,-78.6489
42614,"2016/09/30 05:35:00+00","P16053871","On Roadway (Surface) / Off Roadway","In","RALEIGH","Wake","W CABARRUS ST",10,"W","From","S HARRINGTON ST","W","S WEST ST","Pedalcyclist","Pedalcyclist","Local Street","No Special Feature","No control present","Clear","","No","2016/09/30 19:50:00.420+00",29,"Thursday",5,21,"September",9,2016,1,0,0,1,0,0,0,0,1,0,1,0,35.7748,-78.6466
42708,"2016/09/29 14:45:00+00","P16054008","On Roadway (Surface) / Off Roadway","In","RALEIGH","Wake","MLK JR BLVD",5,"SW","From","PERSON ST","SW","ELLINGTON ST","Pedestrian","Pedestrian","Local Street","No Special Feature","Stop and go signal","Cloudy","","No","2016/10/03 19:17:00.112+00",29,"Thursday",5,6,"September",9,2016,1,0,0,1,0,0,0,0,0,1,1,0,35.7693,-78.6352
42795,"2016/10/03 02:44:00+00","P16054392","On Roadway (Surface) / Off Roadway","In","RALEIGH","Wake","NEW BERN AVE",5,"E","From","KELLY AUSTIN DR","E","I440","Angle","Angle","Local Street","No Special Feature","Stop and go signal","Clear","","No","2016/10/03 18:17:00.292+00",2,"Sunday",1,18,"October",10,2016,1,0,0,1,0,0,0,0,0,0,2,0,35.7931,-78.5848